top_n,coverage
1,0.16981176140875331
2,0.3249147554766687
3,0.45355691531598863
5,0.6617217058246532
10,0.9307020411976271
20,0.9906160960343781
30,0.9956186650474099
40,0.9982250455415946
50,0.9994675136624784
75,1.0
100,1.0
