top_n,coverage
1,0.372343870662382
2,0.6116882146326882
3,0.7932142590239892
5,0.9268365593005007
10,0.9658720075729268
20,0.9840320852950701
30,0.9945943252870986
40,0.9978576588695414
50,0.9991530279251676
75,1.0
100,1.0
